#topo1 ((fin.yell,fin.white),est.white,scot.yell);
#topo2 ((fin.yell,est.white),fin.white,scot.yell);
#topo3 ((fin.yell,scot.yell),fin.white,est.white);
topo1	topo2	topo3
90064	118997	125339
94085	125016	115299
87276	93926	153198
92392	107940	134068
126526	85270	122604
115472	102378	116550
129162	101864	103374
162248	97925	74227
101353	109458	123589
133620	119034	81746
115539	115410	103451
126857	104879	102664
108198	111459	114743
99715	102132	132553
113152	104069	117179
158313	89085	87002
109170	110598	114632
79353	122603	132444
124717	102860	106823
116557	92861	124982
131438	79528	123434
112946	125414	96040
103420	104772	126208
107480	120128	106792
169350	108190	56860
136694	102820	94886
97692	109493	127215
140659	99332	94409
103008	116556	114836
96494	107270	130636
170172	88446	75782
114659	130482	89259
136295	105746	92359
133792	92565	108043
101472	123350	109578
135160	94398	104842
140944	98232	95224
130387	106716	97297
113953	111978	108469
96720	122270	115410
90567	116036	127797
110112	107616	116672
102460	109126	122814
129092	128640	76668
98197	120711	115492
103440	139384	91576
126653	98378	109369
112980	91444	129976
145726	76504	112170
133675	92543	108182
105380	113990	115030
135521	97583	101296
95145	118049	121206
163220	84472	86708
120367	121703	92330
119594	102614	112192
129780	86464	118156
126772	93616	114012
126598	104810	102992
161122	100480	72798
116644	106811	110945
110984	123126	100290
108154	98604	127642
119066	121564	93770
116844	110238	107318
115118	105438	113844
130797	103693	99910
96746	113934	123720
108047	119248	107105
98792	128020	107588
119748	100212	114440
148932	89454	96014
115382	121357	97661
148739	93581	92080
86028	126218	122154
95312	93533	145555
131396	100304	102700
138168	101322	94910
111962	130409	92029
109771	116756	107873
119902	119251	95247
104452	117628	112320
62784	122464	149152
92068	135344	106988
108736	119794	105870
111981	113957	108462
81752	133290	119358
101612	128476	104312
110359	112401	111640
133927	100232	100241
111205	107249	115946
177154	75300	81946
90597	118977	124826
132928	91497	109975
101914	99991	132495
135858	91042	107500
132566	101185	100649
140976	101208	92216
117068	107989	109343
124547	106113	103740
95090	116936	122374
99103	126339	108958
90254	119470	124676
104686	122198	107516
82015	145851	106534
101046	102410	130944
120433	100175	113792
118584	105586	110230
nan	nan	nan
129534	111960	92906
130059	95867	108474
155762	86627	92011
102835	148362	83203
103181	119085	112134
97442	112158	124800
117744	107566	109090
223732	58436	52232
105422	109628	119350
113906	107727	112767
120526	104992	108882
167446	85853	81101
187416	74132	72852
118862	106526	109012
102703	104600	127097
nan	nan	nan
74444	148863	111093
nan	nan	nan
110450	131183	92767
102132	130394	101874
111378	124251	98771
121781	87304	125315
122676	94304	117420
101491	132575	100334
122458	121672	90270
134306	103633	96461
78018	128190	128192
138867	101582	93951
120152	116855	97393
91006	110743	132651
122232	108906	103262
226952	49686	57762
163514	84238	86648
144028	98872	91500
133690	97531	103179
136116	91804	106480
165702	95182	73516
109198	122962	102240
115485	114444	104471
122563	108388	103449
109240	112900	112260
124418	110922	99060
87327	115960	131113
122691	113854	97855
112921	108388	113091
150759	93596	90045
111888	105872	116640
105946	127736	100718
100737	119617	114046
111144	101460	121796
104866	132628	96906
131250	99147	104003
156200	68404	109796
171966	81610	80824
136718	98340	99342
169013	80150	85237
97390	130834	106176
106517	114584	113299
127450	120676	86274
112753	94041	127606
155172	95992	83236
130959	99485	103956
124940	104868	104592
103022	114610	116768
89990	126424	117986
101164	129488	103748
138184	88895	107321
121458	98273	114669
113377	113064	107959
133627	94251	106522
114425	111551	108424
121290	102282	110828
123888	93971	116541
122644	103792	107964
116904	97296	120200
121692	106022	106686
127436	94822	112142
174215	68957	91228
100600	131550	102250
110678	94329	129393
109148	109746	115506
103326	137288	93786
131478	114596	88326
nan	nan	nan
61397	148762	124241
140001	99292	95107
105200	100084	129116
91372	136623	106405
70149	131136	133115
129343	95152	109905
113800	111310	109290
101516	116643	116241
122403	113363	98634
123506	88172	122722
135590	89323	109487
122328	89200	122872
129965	93715	110720
101868	118528	114004
152411	83170	98819
137590	103022	93788
132728	105208	96464
112513	98245	123642
90128	89190	155082
89278	90740	154382
134628	103520	96252
125868	81020	127512
148196	86944	99260
142980	95472	95948
133158	114585	86657
128902	108284	97214
151870	65674	116856
146230	100160	88010
207212	68590	58598
128376	121598	84426
116036	117074	101290
126488	97560	110352
83600	117038	133762
145834	80362	108204
132260	108633	93507
150190	89586	94624
128806	108552	97042
103051	106323	125026
102641	123527	108232
129969	99221	105210
122977	104377	107046
95596	130975	107829
100862	116919	116619
101600	120024	112776
126166	82631	125603
137364	106238	90798
137816	87899	108685
114378	115028	104994
106609	119131	108660
113271	106371	114758
100418	119558	114424
75505	147919	110976
112064	98255	124081
126836	113036	94528
141554	101148	91698
121300	96717	116383
112286	113576	108538
149170	96716	88514
96708	124664	113028
177984	78144	78272
153828	90354	90218
101843	99050	133507
118287	119986	96127
119568	111608	103224
117402	81156	135842
96456	130712	107232
98450	109535	126415
101684	106348	126368
146076	93393	94931
138696	79468	116236
103306	100381	130713
147013	86844	100543
145540	89194	99666
232756	53016	48628
106484	105715	122201
119566	93390	121444
159311	82971	92118
153770	83542	97088
184434	77338	72628
115511	103413	115476
240592	49512	44296
140020	92854	101526
144648	101260	88492
149550	90383	94467
110653	104680	119067
112244	85954	136202
126812	107826	99762
141068	88523	104809
116170	126754	91476
nan	nan	nan
85532	114008	134860
139200	102578	92622
137620	88839	107941
127526	110909	95965
104708	125640	104052
111602	92332	130466
107196	130198	97006
134410	110103	89887
137906	101558	94936
103649	122876	107875
110564	112580	111256
87565	105505	141330
132448	97280	104672
127147	73879	133374
95040	102728	136632
151316	85704	97380
140290	83192	110918
130790	108644	94966
117266	108346	108788
132954	107582	93864
112756	109566	112078
120868	102040	111492
116340	108400	109660
128982	118866	86552
133650	129112	71638
114844	108056	111500
117128	105715	111557
158519	72123	103758
133066	101672	99662
89144	138070	107186
124780	105756	103864
114873	109613	109914
127494	111512	95394
132702	112186	89512
117755	109494	107151
165718	80646	88036
59780	127096	147524
112700	115448	106252
104066	101384	128950
127210	91935	115255
140302	92728	101370
121247	97333	115820
127406	112248	94746
106742	119461	108197
120600	107834	105966
103576	103990	126834
131866	91363	111171
82972	99706	151722
114599	109765	110036
112870	112316	109214
242788	45278	46334
136408	101812	96180
161832	96588	75980
175302	83886	75212
146682	104388	83330
170566	83880	79954
91742	155092	87566
48320	140958	145122
135056	95106	104238
162365	88620	83415
114513	95788	124099
128556	106557	99287
138512	93172	102716
104351	108170	121879
99522	116076	118802
133240	97830	103330
112548	132606	89246
121955	103470	108975
89778	118240	126382
126046	100690	107664
110629	116795	106976
88605	96855	148940
104188	72915	157297
136452	105962	91986
103922	138098	92380
121318	113198	99884
117150	114992	102258
123994	118014	92392
171601	82305	80494
153203	101674	79523
99418	141228	93754
104898	138162	91340
129938	97016	107446
193716	73942	66742
139034	92734	102632
144395	89909	100096
108414	112088	113898
140280	95674	98446
135782	107834	90784
137954	100187	96259
140708	93880	99812
113658	103315	117427
114856	78378	141166
96859	110539	127002
203852	71716	58832
63036	87092	184272
191136	69762	73502
99168	139880	95352
100372	132128	101900
125962	115788	92650
144032	80474	109894
108926	116742	108732
143544	90964	99892
133761	104322	96317
121680	116420	96300
118007	97215	119178
171404	71532	91464
nan	nan	nan
189162	59442	85796
135180	102154	97066
107559	112435	114406
116513	99014	118873
120761	125741	87898
154274	90636	89490
136372	114259	83769
138755	111860	83785
238970	34372	61058
226980	53038	54382
221476	50282	62642
168700	80266	85434
230324	50712	53364
254029	39593	40778
201336	72872	60192
243400	43484	47516
162436	95972	75992
182070	80226	72104
179684	81708	73008
190066	71696	72638
161506	111736	61158
122856	102468	109076
115776	126766	91858
130462	131278	72660
169506	79033	85861
105020	116536	112844
125311	126975	82114
102072	133436	98892
118600	113156	102644
136862	117394	80144
121953	107578	104869
147972	64636	121792
153023	80836	100541
142306	106374	85720
224238	31002	79160
192631	66254	75515
109080	101608	123712
83072	149035	102293
178170	67106	89124
73824	109252	151324
135464	103268	95668
130002	100976	103422
92435	146716	95249
106991	84358	143051
197672	65030	71698
154856	98205	81339
140565	95031	98804
136693	105817	91890
107092	115612	111696
164619	82220	87561
126648	118758	88994
161593	86067	86740
115634	85946	132820
102185	123125	109090
140369	96162	97869
171329	64414	98657
137214	111700	85486
121714	84452	128234
124070	99352	110978
nan	nan	nan
164303	83363	86734
142910	81410	110080
175310	68370	90720
139907	89721	104772
120634	110412	103354
118492	106274	109634
180332	80754	73314
149547	92979	91874
128643	82081	123676
148278	90496	95626
103065	109473	121862
142410	95240	96750
119308	98542	116550
122881	100060	111459
68477	171496	94427
88434	131718	114248
85904	127267	121229
73402	141551	119447
164896	77864	91640
156196	79812	98392
110787	121006	102607
140448	87278	106674
147146	81253	106001
166114	94295	73991
181424	67660	85316
147696	95746	90958
180622	80860	72918
131479	83291	119630
137249	98879	98272
112746	110978	110676
129661	105419	99320
93252	133461	107687
162859	83509	88032
100671	99809	133920
48302	167018	119080
124171	92085	118144
135472	99534	99394
107579	145448	81373
118660	105127	110613
117001	102134	115265
109938	102113	122349
113787	109328	111285
103816	118524	112060
145450	101166	87784
96947	131388	106065
39898	142054	152448
113936	111352	109112
112793	102783	118824
138891	98020	97489
124503	109775	100122
143306	97894	93200
nan	nan	nan
104736	126440	103224
121147	89126	124127
103157	123873	107370
104815	121356	108229
137813	95816	100771
93464	109644	131292
71504	151876	111020
119720	103659	111021
94409	140406	99585
118334	124544	91522
141464	89534	103402
100072	109804	124524
115788	119042	99570
112739	112446	109215
139566	93350	101484
85793	130972	117635
126968	96982	110450
131550	89780	113070
113013	110032	111355
90382	129250	114768
113611	110475	110314
146974	94864	92562
98393	123878	112129
108229	121383	104788
147689	98994	87717
103620	95706	135074
102987	98207	133206
183197	79207	71996
103186	116522	114692
102548	126158	105694
88348	122174	123878
108000	86440	139960
91458	93274	149668
111308	107096	115996
100106	131692	102602
107254	115364	111782
88236	114096	132068
81908	147408	105084
107758	109752	116890
122206	107374	104820
157273	86867	90260
126136	108775	99489
143446	91117	99837
163235	83715	87450
150491	93975	89934
148224	89802	96374
150394	92544	91462
141029	105381	87990
158080	102598	73722
99994	113376	121030
86128	99780	148492
103468	113253	117679
115588	110726	108086
140272	97462	96666
119560	112804	102036
141790	101196	91414
152368	88938	93094
123391	94218	116791
158744	92602	83054
132800	106752	94848
139278	104482	90640
116521	113214	104665
108989	114879	110532
158702	105426	70272
143755	106509	84136
166141	80809	87450
161744	84638	88018
116924	125302	92174
112956	114136	107308
99286	157170	77944
76731	164063	93606
66170	179086	89144
83740	140612	110048
111439	111014	111947
140527	101482	92391
93309	138958	102133
97920	113776	122704
108305	106692	119403
174429	81200	78771
114077	106688	113635
99154	114982	120264
89720	147619	97061
113204	100602	120594
161884	92986	79530
142485	88943	102972
59530	130194	144676
100830	113724	119846
116785	104719	112896
109627	114696	110077
122198	100908	111294
95623	115785	122992
123876	71136	139388
109481	100492	124427
122764	100799	110837
81042	144636	108722
98706	133143	102551
109739	118671	105990
161360	82230	90810
126094	127731	80575
172332	78275	83793
108940	110508	114952
119266	101234	113900
121915	148534	63951
105032	110892	118476
120719	116520	97161
128224	117870	88306
111711	111742	110947
93168	89348	151884
142398	98152	93850
124861	100423	109116
125996	115452	92952
82742	149957	101701
112067	119846	102487
125633	114170	94597
122507	106931	104962
94460	159528	80412
110086	118765	105549
109558	108019	116823
104127	110676	119597
140702	95557	98141
186663	72060	75677
127576	93212	113612
103887	113739	116774
92830	133904	107666
121475	89792	123133
118334	100476	115590
93596	107442	133362
124887	117509	92004
148292	87488	98620
90546	119776	124078
91746	152496	90158
95066	125576	113758
130859	112658	90883
144002	101636	88762
101615	126846	105939
89594	128814	115992
100699	103844	129857
97128	122664	114608
88938	94829	150633
115674	112374	106352
119460	106757	108183
135067	94573	104760
109667	106540	118193
nan	nan	nan
141442	91526	101432
153307	77990	103103
116992	108984	108424
186039	78617	69744
85394	107898	141108
175767	81547	77086
173934	98828	61638
173162	94182	67056
110726	124598	99076
106752	127414	100234
128458	121408	84534
128236	119624	86540
135824	100455	98121
122515	118422	93463
163320	79802	91278
119469	111845	103086
116070	89442	128888
107186	114985	112229
79199	114861	140340
172190	98056	64154
147717	56039	130644
87688	163942	82770
116876	109764	107760
110478	110633	113289
161548	81878	90974
204099	51863	78438
148296	92524	93580
167518	91532	75350
91036	161172	82192
174448	74147	85805
116693	98604	119103
183042	85748	65610
156042	71834	106524
77315	101990	155095
131572	88957	113871
165750	81492	87158
173949	76536	83915
146900	74981	112519
175206	83854	75340
97639	85885	150876
84618	126910	122872
108114	128574	97712
115808	113224	105368
122378	106140	105882
nan	nan	nan
83596	105608	145196
89202	132201	112997
107970	118733	107697
162306	66250	105844
149377	66296	118727
96771	97540	140089
136338	84394	113668
148216	83460	102724
96636	113441	124323
138725	90370	105305
162536	86960	84904
99232	82930	152238
74342	108928	151130
109013	122634	102753
102300	103802	128298
133799	95374	105227
128009	99738	106653
99142	112974	122284
144948	106048	83404
70688	179444	84268
95038	160688	78674
38412	180256	115732
nan	nan	nan
78668	115891	139841
68662	138604	127134
120210	109926	104264
97201	111600	125599
50396	137688	146316
145377	91384	97639
80190	84522	169688
124654	109841	99905
nan	nan	nan
159628	85473	89299
184157	73001	77242
98887	119702	115811
179600	65888	88912
89384	120548	124468
128480	99444	106476
144088	92207	98105
162940	101935	69525
101734	104584	128082
148453	104021	81926
147358	88906	98136
50670	154392	129338
87876	140822	105702
119782	122561	92057
108392	133260	92748
152928	86406	95066
110706	120906	102788
153650	95691	85059
78408	115700	140292
144574	119266	70560
127906	96190	110304
137082	93110	104208
94726	132491	107183
99855	102510	132035
118476	104151	111773
121299	104671	108430
121643	124288	88469
73670	108458	152272
119826	120896	93678
92308	128480	113612
102352	109446	122602
98553	129163	106684
113202	128379	92819
149000	85170	100230
115610	117950	100840
127716	92482	114202
178198	72132	84070
159215	92638	82547
122788	114946	96666
131776	112100	90524
132848	124948	76604
84058	160271	90071
102052	141054	91294
92277	96177	145946
130446	96968	106986
95586	118602	120212
94238	89770	150392
185632	58630	90138
106954	105667	121779
139012	79714	115674
101202	107654	125544
112520	110676	111204
95184	130902	108314
100856	96652	136892
148453	72484	113463
132928	127806	73666
110322	113270	110808
125224	73018	136158
157990	65131	111279
137642	80716	116042
133468	80276	120656
107460	110168	116772
119331	99816	115253
136568	96618	101214
120714	67640	146046
119336	115414	99650
92288	113848	128264
107732	83004	143664
101575	114776	118049
86720	116108	131572
112373	111284	110743
91732	147150	95518
101197	117323	115880
113762	106818	113820
105545	117779	111076
91718	112327	130355
113322	98291	122787
126545	101688	106167
89014	126589	118797
84654	160314	89432
86132	148706	99562
117726	132768	83906
183572	101698	49130
122842	116544	95014
127940	122435	84025
79744	159296	95360
83866	147970	102564
108074	157693	68633
91330	91044	152026
118964	91352	124084
103186	128156	103058
130404	110559	93437
129514	119492	85394
123308	130862	80230
121738	102224	110438
134986	107736	91678
103418	105588	125394
88805	153955	91640
102378	125648	106374
112858	119772	101770
89212	132706	112482
80364	142100	111936
71200	165096	98104
72668	170202	91530
62073	206272	66055
73442	179670	81288
109202	102516	122682
82853	143754	107793
109368	77358	147674
107509	128550	98341
101105	117918	115377
115112	109280	110008
153479	102864	78057
179480	94016	60904
135340	114183	84877
106810	110054	117536
126309	104696	103395
164494	85752	84154
136803	96156	101441
118140	111024	105236
118285	103257	112858
140158	102262	91980
121720	106782	105898
111906	117168	105326
135001	96227	103172
110311	102642	121447
202287	66516	65597
136492	99526	98382
143121	99231	92048
117590	110879	105931
96816	124695	112889
85284	114906	134210
107449	91905	135046
84296	101726	148378
111888	108636	113876
90518	122274	121608
160437	81987	91976
101209	112872	120319
103198	119326	111876
112198	89711	132491
104574	95706	134120
124950	102652	106798
103844	106207	124349
141318	77364	115718
129812	93818	110770
110524	125456	98420
127320	105042	102038
107307	113093	114000
144135	95290	94975
164283	78493	91624
113739	107522	113139
116402	108711	109287
116364	108952	109084
121346	107518	105536
104302	114096	116002
81157	117756	135487
134272	102942	97186
151884	75966	106550
148730	81526	104144
141658	95634	97108
135171	101652	97577
146277	94458	93665
111117	108908	114375
140569	103679	90152
140577	95836	97987
137873	90679	105848
137708	96872	99820
113711	109810	110879
127038	106843	100519
171665	74599	88136
133136	91288	109976
111173	111390	111837
110842	94574	128984
105898	111378	117124
128441	109681	96278
148787	93838	91775
138980	90778	104642
121598	109238	103564
166912	80802	86686
148026	104274	82100
148410	88542	97448
102434	107004	124962
132498	105873	96029
160586	87487	86327
134246	98309	101845
175746	86049	72605
187864	69622	76914
208351	61620	64429
121660	105487	107253
194772	74244	65384
140334	103074	90992
155558	84343	94499
139800	90049	104551
138916	86472	109012
165005	74538	94857
137501	96968	99931
128175	100566	105659
110532	119602	104266
85164	134760	114476
133036	93930	107434
115700	100076	118624
139484	91224	103692
147354	92337	94709
111742	93612	129046
179685	63495	91220
143592	81382	109426
187697	58970	87733
131416	90108	112876
129242	115221	89937
137482	106439	90479
164100	120150	50150
185470	66240	82690
142250	97356	94794
96100	147810	90490
119406	144736	70258
120568	113290	100542
100461	105050	128889
158765	88987	86648
127336	81728	125336
208741	68502	57157
196796	59938	77666
95173	126463	112764
166379	77648	90373
61511	90616	182273
134039	89008	111353
184164	76592	73644
173678	73924	86798
166830	76210	91360
179192	81300	73908
132392	99446	102562
110672	104310	119418
79836	114978	139586
97534	114706	122160
147028	94789	92583
141070	102075	91255
94790	76862	162748
118397	94180	121823
105944	107878	120578
118937	105473	109990
123163	85049	126188
156744	67304	110352
133055	95840	105505
128531	98704	107165
127186	108898	98316
65642	136742	132016
74679	111546	148175
114600	104514	115286
126987	96585	110828
179202	65606	89592
116662	102170	115568
142833	88823	102744
167918	81428	85054
155958	92950	85492
116892	94618	122890
121039	118542	94819
101159	106292	126949
151336	87916	95148
176072	75810	82518
158606	89050	86744
186980	65582	81838
179118	87946	67336
237336	44774	52290
238335	45086	50979
205104	50540	78756
171568	85443	77389
180030	76417	77953
147182	97132	90086
204690	69620	60090
191949	65766	76685
45506	153956	134938
98914	111652	123834
140260	96306	97834
125631	107587	101182
165844	85516	83040
234453	50609	49338
181352	76938	76110
161119	82078	91203
130570	94185	109645
100846	130696	102858
122314	109160	102926
161330	88909	84161
120973	107827	105600
125560	108450	100390
187872	77332	69196
119203	112153	103044
134130	81990	118280
127118	101630	105652
148504	89358	96538
146606	97043	90751
147563	95893	90944
148399	101671	84330
107170	105400	121830
161212	85844	87344
133526	100540	100334
171029	82365	81006
108742	126788	98870
94996	124512	114892
108072	109785	116543
46230	188040	100130
90504	103904	139992
114318	112080	108002
98368	120381	115651
90026	98925	145449
115740	110922	107738
169460	73946	90994
122510	109797	102093
85104	103944	145352
117387	113346	103667
106682	126405	101313
129399	115366	89635
133848	114482	86070
121546	97963	114891
175548	82508	76344
126614	112920	94866
117411	98962	118027
112370	109188	112842
204811	61657	67932
170051	76045	88304
133232	105054	96114
69096	135632	129672
145911	96190	92299
108820	112532	113048
102290	120814	111296
118462	111388	104550
123410	98642	112348
129134	106526	98740
130700	115121	88579
107972	118794	107634
144135	84077	106188
206364	70280	57756
132652	107012	94736
163425	81547	89428
143718	97918	92764
120685	99139	114576
113626	116594	104180
100130	118750	115520
119796	73142	141462
152774	88591	93035
118588	106624	109188
125300	82458	126642
145595	90285	98520
122661	105863	105876
128784	86820	118796
131268	104889	98243
115534	111940	106926
140220	101900	92280
102806	107326	124268
112734	101106	120560
120972	112742	100686
158743	90786	84871
nan	nan	nan
119772	94228	120400
96554	112386	125460
126114	115954	92332
134726	105410	94264
121518	126009	86873
108740	109782	115878
139110	91720	103570
101304	111428	121668
98106	128286	108008
117400	114884	102116
106750	120716	106934
122627	99846	111927
133243	92822	108335
104227	127949	102224
133202	89428	111770
121041	105110	108249
110397	110848	113155
112444	107055	114901
117564	105936	110900
109350	124488	100562
99896	98850	135654
99766	107024	127610
125664	86220	122516
154660	94470	85270
188387	68002	78011
172576	70170	91654
146585	90497	97318
107879	107091	119430
145964	94934	93502
115480	126340	92580
116024	122026	96350
124432	109474	100494
123050	107230	104120
102533	118588	113279
102058	140349	91993
132427	118173	83800
66626	118555	149219
77869	154928	101603
97710	142506	94184
102092	128194	104114
94056	120875	119469
123765	110222	100413
111294	120359	102747
118089	117848	98463
98242	143564	92594
112015	119359	103026
183898	82006	68496
105471	131226	97703
169188	82929	82283
118318	113192	102890
123498	98694	112208
140806	114901	78693
121148	134634	78618
72334	177106	84960
95584	124953	113863
117496	103614	113290
117433	110185	106782
107018	116618	110764
127540	112660	94200
111785	111201	111414
116400	108549	109451
131987	112021	90392
148706	56564	129130
177611	77020	79769
170932	83249	80219
138424	100212	95764
104034	131872	98494
165559	83027	85814
143207	99963	91230
152914	84958	96528
131118	112538	90744
211522	65716	57162
105455	121812	107133
126275	106113	102012
112802	107606	113992
88192	113193	133015
117734	110546	106120
156122	95533	82745
146422	93118	94860
126327	128957	79116
144908	95479	94013
147494	96716	90190
134354	109840	90206
134409	101431	98560
124292	119078	91030
128250	116254	89896
139813	104418	90169
155413	86221	92766
145371	99166	89863
124053	113977	96370
113798	121212	99390
136922	108242	89236
138130	91002	105268
133939	102896	97565
137594	104560	92246
134555	89828	110017
143100	88130	103170
174053	79954	80393
124682	79982	129736
94394	114896	125110
113390	115844	105166
109144	121941	103315
119466	109715	105219
108030	115699	110671
48482	166226	119692
74676	160438	99286
89616	138184	106600
97820	134834	101746
144590	102906	86904
100144	109102	125154
115063	109396	109941
74126	149940	110334
73208	118596	142596
78140	135982	120278
98430	127941	108029
131924	93522	108954
121755	107972	104673
104430	110408	119562
122258	83710	128432
117846	107224	109330
113590	124914	95896
154179	92572	87649
116007	119440	98953
114730	112483	107187
110786	111274	112340
133799	100414	100187
105524	134946	93930
112545	115195	106660
126759	107396	100245
129250	105552	99598
119189	110646	104565
132388	85111	116901
142521	89803	102076
130690	100294	103416
113909	117876	102615
143238	103110	88052
146588	89697	98115
163097	81136	90167
155920	83342	95138
148308	90006	96086
140316	91151	102933
151000	105882	77518
121898	100711	111791
115458	112214	106728
146606	107626	80168
120056	103062	111282
143739	99583	91078
129791	103734	100875
103895	106727	123778
119198	123460	91742
148857	95576	89967
139908	103860	90632
158971	91167	84262
145478	94966	93956
110459	113892	110049
121536	109464	103400
221252	57489	55659
104019	129393	100988
102590	139091	92719
102119	148485	83796
116251	112812	105337
159728	87786	86886
250441	39323	44636
207410	63255	63735
153478	90895	90027
107062	137924	89414
122926	129586	81888
124388	147912	62100
116972	125610	91818
172219	81923	80258
225758	63286	45356
128682	111376	94342
124881	117127	92392
135948	146524	51928
197502	62008	74890
129964	111574	92862
122061	116943	95396
97885	141224	95291
124160	103738	106502
111960	114630	107810
152920	91909	89571
197538	58980	77882
131596	90040	112764
170011	74331	90058
166677	82694	85029
93536	107943	132921
122925	94919	116556
105407	125447	103546
106952	104252	123196
118015	109564	106821
122650	110373	101377
97328	129154	107918
106902	118822	108676
110595	120630	103175
104810	109986	119604
90775	126459	117166
141058	93152	100190
126443	118814	89143
112141	119462	102797
nan	nan	nan
124524	96921	112955
115886	112477	106037
132811	97369	104220
95164	112634	126602
119344	97938	117118
122909	105437	106054
104319	113294	116787
117027	95632	121741
106596	104718	123086
209768	63346	61286
145547	95734	93119
152622	86538	95240
157739	96055	80606
119008	115660	99732
105723	103520	125157
96812	124023	113565
111058	117262	106080
130963	123937	79500
113658	98072	122670
144576	90526	99298
111346	119894	103160
129592	100005	104803
122580	101414	110406
131857	99606	102937
137188	112110	85102
199416	69964	65020
129247	106208	98945
113180	119820	101400
130567	91692	112141
119766	110226	104408
114392	115794	104214
116572	114140	103688
176092	92472	65836
137827	94417	102156
134845	109812	89743
112416	117468	104516
116245	110285	107870
114114	118134	102152
118446	113425	102529
114187	116373	103840
96424	147530	90446
94950	150911	88539
87684	140556	106160
81915	131936	120549
82782	150014	101604
108930	127388	98082
123123	115133	96144
78427	161717	94256
96384	145617	92399
94395	147460	92545
117052	130060	87288
77878	176946	79576
112614	119401	102385
105292	116170	112938
102250	139422	92728
80506	173538	80356
79126	167502	87772
85524	110504	138372
91922	134641	107837
95174	121312	117914
74607	150129	109664
104931	118131	111338
107310	98244	128846
116442	116088	101870
111092	119430	103878
106685	135429	92286
112411	113212	108777
108566	100470	125364
107490	105024	121886
96791	114458	123151
115132	151466	67802
106798	140834	86768
119594	127012	87794
118368	122718	93314
118628	113907	101865
54196	99984	180220
104401	109943	120056
100673	125654	108073
130906	103296	100198
90234	108860	135306
141749	102204	90447
112624	122406	99370
116994	116494	100912
123492	124694	86214
116128	112070	106202
127668	84292	122440
115050	114696	104654
116814	137317	80269
96143	107428	130829
69344	95658	169398
106781	112339	115280
110270	113400	110730
108333	106115	119952
99404	102960	132036
120145	93899	120356
153894	95864	84642
174292	80932	79176
120768	104040	109592
134814	107187	92399
119656	92188	122556
158728	87804	87868
130562	108066	95772
138714	106868	88818
177668	90980	65752
130490	107661	96249
138594	92676	103130
129818	104873	99709
112614	104140	117646
111568	126426	96406
122402	108978	103020
120622	104293	109485
129678	102636	102086
120483	110962	102955
106166	116604	111630
93588	93671	147141
99727	117144	117529
95018	131786	107596
164004	82874	87522
136867	94864	102669
144147	90974	99279
162655	84392	87353
122888	101726	109786
103568	123282	107550
118953	107016	108431
113584	128693	92123
109630	116878	107892
149363	89271	95766
103512	130724	100164
106478	132144	95778
151814	102214	80372
117136	108101	109163
76306	152834	105260
141396	116797	76207
117339	130906	86155
124503	109190	100707
139850	99499	95051
139772	90508	104120
134664	95552	104184
112176	109151	113073
114869	121289	98242
113253	122160	98987
158072	83704	92624
123260	109001	102139
92658	113621	128121
226782	58636	48982
171897	81939	80564
128738	111280	94382
234648	49580	50172
160791	75307	98302
109217	99254	125929
89837	119615	124948
74513	112437	147450
106406	95928	132066
113717	111114	109569
126924	110026	97450
136166	93829	104405
111179	119147	104074
124927	112046	97427
159127	93010	82263
134783	100364	99253
152828	94622	86950
135886	98390	100124
119112	106280	109008
136949	95118	102333
109552	114800	110048
139996	98872	95532
112122	116756	105522
nan	nan	nan
140408	96668	97324
156711	93711	83978
211504	72034	50862
198838	78267	57295
133436	137688	63276
178366	103816	52218
127440	100392	106568
111434	127040	95926
91172	100504	142724
75163	175818	83419
95747	118795	119858
141278	116196	76926
66896	155172	112332
81874	139652	112874
114992	125706	93702
117855	103582	112963
153300	93030	88070
144619	94767	95014
108567	130066	95767
135372	101981	97047
122554	104052	107794
140082	87828	106490
93614	122272	118514
91988	108362	134050
99022	111602	123776
105240	109090	120070
91382	132416	110602
85853	118101	130446
107324	116508	110568
161458	55418	117524
125884	126082	82434
85272	124586	124542
84357	136105	113938
130901	114731	88768
137138	125103	72159
127300	103410	103690
114299	111652	108449
106048	107402	120950
100908	107198	126294
100786	114367	119247
139623	98178	96599
110979	115566	107855
112751	100529	121120
93798	105904	134698
129416	96842	108142
121039	105553	107808
101703	113130	119567
108444	108514	117442
115849	107776	110775
108240	116064	110096
97572	132412	104416
122886	123820	87694
126321	111601	96478
122127	106642	105631
116434	107838	110128
85952	152210	96238
107708	108238	118454
117636	110033	106731
106453	117770	110177
117014	127227	90159
94789	128932	110679
99888	119531	114981
103979	131235	99186
116458	117723	100219
130888	102788	100724
112700	121296	100404
73302	170395	90703
115981	111234	107185
116484	122569	95347
114012	101156	119232
60258	141384	132758
82350	128890	123160
97034	120756	116610
100458	105541	128401
128524	110574	95302
110780	117774	105846
98493	84706	151201
122667	116811	94922
103997	121427	108976
78440	112382	143578
102302	144320	87778
82441	132544	119415
119181	97483	117736
89292	140603	104505
112858	117482	104060
69554	162782	102064
75230	151746	107424
nan	nan	nan
89716	138560	106124
87650	137280	109470
62946	131428	140026
47741	191634	95025
127240	102178	104982
132154	85976	116270
88693	118445	127262
89232	134352	110816
88658	131428	114314
162806	89668	81926
126999	111854	95547
104590	134398	95412
138850	110676	84874
54040	164184	116176
101076	116624	116700
72964	136830	124606
54851	161279	118270
73292	152574	108534
68934	141089	124377
103831	130609	99960
131094	110020	93286
102522	104276	127602
113184	111627	109589
128475	108537	97388
98900	126661	108839
62184	172756	99460
87899	135742	110759
145425	102894	86081
129462	104578	100360
95887	123122	115391
114495	130084	89821
117040	126848	90512
95438	146214	92748
132378	115597	86425
103950	152369	78081
106413	161789	66198
86624	169632	78144
84355	132001	118044
106410	113536	114454
129098	101212	104090
86524	133864	114012
90630	151172	92598
108302	123566	102532
99011	122855	112534
109818	118102	106480
100262	142956	91182
122175	104613	107612
109462	103498	121440
140998	93518	99884
135845	96449	102106
101040	107275	126085
128402	88492	117506
136726	102693	94981
149872	92436	92092
119404	107658	107338
125136	101462	107802
120980	110385	103035
127092	112837	94471
83758	121684	128958
126511	104799	103090
144204	97406	92790
133046	111330	90024
111104	112691	110605
121590	110010	102800
70526	136450	127424
107155	123889	103356
128602	108255	97543
127163	102560	104677
91952	117026	125422
106486	113612	114302
97237	129289	107874
70494	137136	126770
120812	104514	109074
119732	111360	103308
106848	107132	120420
104729	132205	97466
130063	118195	86142
112362	118489	103549
95992	124886	113522
127793	109004	97603
111132	113304	109964
134512	108496	91392
96744	103486	134170
105273	125988	103139
60266	144590	129544
129970	100199	104231
157711	80938	95751
167776	91998	74626
175319	77964	81117
112896	112833	108671
152786	86380	95234
105380	127014	102006
105955	124582	103863
99208	122006	113186
95472	147828	91100
nan	nan	nan
112120	117293	104987
107699	127193	99508
84620	154426	95354
108285	124761	101354
208886	54802	70712
152274	97028	85098
119802	112840	101758
151868	89978	92554
118182	113499	102719
115238	97082	122080
134655	101226	98519
148750	108226	77424
124004	97514	112882
135982	104778	93640
105477	103959	124964
93762	103180	137458
181656	99700	53044
123329	85058	126013
133106	83646	117648
86350	152142	95908
119488	100612	114300
173231	75354	85815
140870	75694	117836
117743	89346	127311
56322	104216	173862
73960	69504	190936
64376	107978	162046
140630	59034	134736
56646	95810	181944
117480	125511	91409
100263	137693	96444
155064	81200	98136
129554	79116	125730
110033	124159	100208
152559	90703	91138
104621	121075	108704
111259	101585	121556
108076	102908	123416
111414	112861	110125
93509	109835	131056
94450	94700	145250
127922	84682	121796
101332	112648	120420
122105	95298	116997
112095	94260	128045
96562	93820	144018
113524	100464	120412
94332	113508	126560
96646	115888	121866
131563	101341	101496
122908	94098	117394
105004	100454	128942
62616	157545	114239
61415	135076	137909
141502	98106	94792
84546	90310	159544
112860	104280	117260
126010	106252	102138
132902	102894	98604
110339	107562	116499
76320	140863	117217
83880	121490	129030
96704	114308	123388
135212	83514	115674
92004	97246	145150
109236	110267	114897
118306	98992	117102
125969	99112	109319
70490	114186	149724
111932	109252	113216
176007	87936	70457
165356	81449	87595
101272	106176	126952
128774	94361	111265
107788	107026	119586
160774	87904	85722
127630	101380	105390
125868	81098	127434
124292	85256	124852
109726	105950	118724
102068	108027	124305
103671	113615	117114
106895	111076	116429
112673	84367	137360
77810	95080	161510
77138	97516	159746
157642	83812	92946
109182	101920	123298
123265	102220	108915
109845	108125	116430
122776	115678	95946
94486	145640	94274
94413	113273	126714
108496	101560	124344
111905	94133	128362
107281	125387	101732
123962	100964	109474
105709	111932	116759
56423	143420	134557
106190	99288	128922
99102	103470	131828
94676	96540	143184
125442	103008	105950
143919	86862	103619
80958	130216	123226
89718	103306	141376
102719	106030	125651
138988	88891	106521
181852	68986	83562
152942	56379	125079
126744	86185	121471
138504	76768	119128
153812	94080	86508
111638	97288	125474
116122	75854	142424
146364	92124	95912
147842	82224	104334
175771	76893	81736
145018	94402	94980
109636	80312	144452
126925	105222	102253
101332	116662	116406
122166	118066	94168
102864	109484	122052
86436	123703	124261
101945	112024	120431
91354	112994	130052
110599	108906	114895
59010	90434	184956
79867	98667	155866
101665	92665	140070
93674	96792	143934
49763	67210	217427
98042	105511	130847
109333	96562	128505
107472	107816	119112
121522	114376	98502
130768	95244	108388
154674	97980	81746
124933	94037	115430
91608	94802	147990
103926	108172	122302
184364	70556	79480
132610	95948	105842
127870	77009	129521
86397	99654	148349
107192	136121	91087
nan	nan	nan
110840	142890	80670
104639	141796	87965
124804	137166	72430
155846	111878	66676
102996	138658	92746
94456	150528	89416
96216	147914	90270
103529	112235	118636
51161	143987	139252
100043	102001	132356
89257	112432	132711
138506	81068	114826
83804	93888	156708
110128	92142	132130
114982	103398	116020
54246	116267	163887
83309	110556	140535
82471	126358	125571
107922	102825	123653
81312	133234	119854
107879	73123	153398
150424	89177	94799
153596	88812	91992
179649	77599	77152
87736	93911	152753
66501	78310	189589
62461	89782	182157
68879	104180	161341
47884	112720	173796
71567	92576	170257
161978	78324	94098
124928	94585	114887
110918	102810	120672
142107	92853	99440
119922	108638	105840
148128	92894	93378
116152	103909	114339
140856	97767	95777
139513	97883	97004
142760	102754	88886
97882	63374	173144
119398	84380	130622
95530	108638	130232
106898	114764	112738
95473	105370	133557
130644	103243	100513
104676	135002	94722
69939	93446	171015
66324	109146	158930
79779	87991	166630
117306	86926	130168
159522	84759	90119
136952	106051	91397
163074	85999	85327
128830	84331	121239
139858	91045	103497
93806	111403	129191
116823	104002	113575
106791	121191	106418
97745	130396	106259
80908	129666	123826
88064	109358	136978
96413	107946	130041
93154	126191	115055
70855	149542	114003
126737	105528	102135
96247	91258	146895
109044	100532	124824
121183	124221	88996
124617	90837	118946
58980	88723	186697
89644	102316	142440
126348	118190	89862
129212	134708	70480
108178	115598	110624
88326	97498	148576
93335	81770	159295
119122	83670	131608
87920	93858	152622
112744	74951	146705
72484	91032	170884
100145	100455	133800
120511	58692	155197
90428	124746	119226
126202	88558	119640
78619	109130	146651
60426	82342	191632
37582	64452	232366
40910	93988	199502
46880	95372	192148
39864	107058	187478
119052	77470	137878
42632	86344	205424
40360	85822	208218
91904	86976	155520
113399	112050	108951
102698	129076	102626
161863	79467	93070
86378	168470	79552
nan	nan	nan
71928	118722	143750
103894	113014	117492
94746	150896	88758
72838	161500	100062
nan	nan	nan
101383	112718	120299
93092	109908	131400
104856	122429	107115
124370	118072	91958
75874	74984	183542
94277	76063	164060
120442	86636	127322
189274	70610	74516
128915	100348	105137
164500	76716	93184
153500	79302	101598
111810	118827	103763
117526	113897	102977
90674	102130	141596
107098	131726	95576
107600	136458	90342
93416	145105	95879
83488	141794	109118
98688	105166	130546
105064	104426	124910
120852	110612	102936
134999	90258	109143
102484	109912	122004
110879	113660	109861
112587	98969	122844
138719	94947	100734
118741	111864	103795
84157	138621	111622
100541	117924	115935
104488	108097	121815
102630	130203	101567
107810	115970	110620
116748	100006	117646
150063	77182	107155
194840	69296	70264
127058	113326	94016
125131	99912	109357
173979	79617	80804
122770	114108	97522
130346	101201	102853
108424	112117	113859
90262	107118	137020
105084	106467	122849
108551	117363	108486
nan	nan	nan
70430	142624	121346
147417	81141	105842
90077	83451	160872
70662	83476	180262
131572	85204	117624
139905	74703	119792
97201	110237	126962
151810	84244	98346
132122	108552	93726
133115	83292	117993
119585	124893	89922
109711	122820	101869
79310	115034	140056
109870	117706	106824
107710	104284	122406
147194	79836	107370
117979	119105	97316
143774	91790	98836
100186	98648	135566
108677	104835	120888
91668	121606	121126
105019	111541	117840
95412	82204	156784
118298	83362	132740
115660	101463	117277
144941	89838	99621
110584	99097	124719
105071	117321	112008
93471	116384	124545
95744	104634	134022
145265	88645	100490
105636	106742	122022
76944	86956	170500
121982	75680	136738
109576	125008	99816
31114	73380	229906
21336	39814	273250
76244	84128	174028
76720	35720	221960
25834	63164	245402
89828	113356	131216
90590	103014	140796
67450	111416	155534
97690	97426	139284
183463	74717	76220
162586	72894	98920
146331	72764	115305
212692	61577	60131
119235	95870	119295
78386	120494	135520
84416	94020	155964
62160	98762	173478
112010	42104	180286
91911	69167	173322
122631	70008	141761
142324	88904	103172
117326	92188	124886
145116	69659	119625
nan	nan	nan
126278	98168	109954
89304	122316	122780
163832	42842	127726
102232	70186	161982
146150	74597	113653
103998	69963	160439
185190	34650	114560
192325	54624	87451
160558	80308	93534
156408	71568	106424
179004	59376	96020
153883	73107	107410
171704	68868	93828
131174	72630	130596
110222	96740	127438
130453	81091	122856
109552	104879	119969
151858	68355	114187
169685	68533	96182
109036	95764	129600
99858	112598	121944
97549	111434	125417
114565	92874	126961
113555	104313	116532
139434	95948	99018
114086	133500	86814
104154	96252	133994
116509	95603	122288
